epoch,step,train_loss_step
0,99,0.3667583167552948
0,199,0.16796518862247467
0,299,0.08413632959127426
0,399,0.19171027839183807
