{"_wandb":{"runtime":44553},"_step":80,"_runtime":44061.764580343,"train/loss":0.2845,"train/epoch":1.6071428571428572,"_timestamp":1.72969791422213e+09,"train/grad_norm":1.8159282207489014,"train/learning_rate":4.673768308921439e-05,"train/global_step":8100}